State,Year,Rape,K&A,DD,AoW,AoM,DV,WT,State Population,Total Crimes,Crime Rate
ANDAMAN AND NICOBAR ISLANDS,2001,3,2,0,19,1,9,0,319337,34,10.64705937614495
ANDAMAN AND NICOBAR ISLANDS,2002,2,1,0,17,3,4,0,324989,27,8.30797350064156
ANDAMAN AND NICOBAR ISLANDS,2003,2,2,0,9,2,7,0,330741,22,6.651730508161975
ANDAMAN AND NICOBAR ISLANDS,2004,10,3,0,6,3,5,0,336595,27,8.021509529256228
ANDAMAN AND NICOBAR ISLANDS,2005,4,1,0,11,1,5,0,342553,22,6.422363838588481
ANDAMAN AND NICOBAR ISLANDS,2006,6,5,0,14,4,7,0,348616,36,10.32654840856415
ANDAMAN AND NICOBAR ISLANDS,2007,3,9,1,21,2,18,0,354787,54,15.220399845541127
ANDAMAN AND NICOBAR ISLANDS,2008,12,13,2,24,3,26,0,361066,80,22.15661402624451
ANDAMAN AND NICOBAR ISLANDS,2009,18,14,1,30,7,21,0,367457,91,24.76480241225504
ANDAMAN AND NICOBAR ISLANDS,2010,24,8,0,31,10,9,0,373961,82,21.92742023900888
ANDAMAN AND NICOBAR ISLANDS,2011,13,12,0,0,3,5,3,380581,36,9.459221558616957
ANDAMAN AND NICOBAR ISLANDS,2012,12,7,2,10,4,5,2,385909,42,10.883394789963438
ANDAMAN AND NICOBAR ISLANDS,2013,27,12,1,45,8,9,4,391311,106,27.08842838560633
ANDAMAN AND NICOBAR ISLANDS,2014,32,17,0,41,18,14,1,396790,123,30.99876508984601
ANDAMAN AND NICOBAR ISLANDS,2015,36,21,0,57,23,14,0,402345,151,37.529980489381
ANDAMAN AND NICOBAR ISLANDS,2016,30,21,0,46,15,7,0,407978,119,29.16823946389266
ANDAMAN AND NICOBAR ISLANDS,2017,13,3,1,38,11,4,0,413689,70,16.920923689051435
ANDAMAN AND NICOBAR ISLANDS,2018,30,2,0,35,4,4,0,419481,75,17.87923648508514
ANDAMAN AND NICOBAR ISLANDS,2019,13,0,0,25,3,1,0,425354,42,9.874128373072782
ANDAMAN AND NICOBAR ISLANDS,2020,60,90,1,42,4,96,0,431309,293,67.93273499973337
ANDAMAN AND NICOBAR ISLANDS,2021,74,120,4,37,6,95,0,437347,336,76.82686745307501
ANDHRA PRADESH,2001,871,765,420,3544,2271,5791,7,41439368,13669,32.985541671388425
ANDHRA PRADESH,2002,1002,854,449,3799,2024,7018,0,42172845,15146,35.91410539175149
ANDHRA PRADESH,2003,946,931,466,4128,2286,8167,5,42919305,16929,39.443788756598
ANDHRA PRADESH,2004,1016,1030,512,3817,2310,8388,2,43678976,17075,39.092033659397146
ANDHRA PRADESH,2005,935,995,443,3595,2508,8696,3,44452094,17175,38.63709997553771
ANDHRA PRADESH,2006,1049,1329,519,4534,2411,9164,0,45238896,19006,42.01251949207602
ANDHRA PRADESH,2007,1070,1564,613,4406,3316,11335,0,46039625,22304,48.44522517288097
ANDHRA PRADESH,2008,1257,1396,556,4730,3551,10306,0,46854526,21796,46.51845160059885
ANDHRA PRADESH,2009,1188,1526,546,5147,3520,11297,0,47683851,23224,48.70411997554477
ANDHRA PRADESH,2010,1362,1531,588,4634,4562,12080,0,48527855,24757,51.01606077581628
ANDHRA PRADESH,2011,1442,1612,599,0,3658,13376,497,49386799,21184,42.894053530377626
ANDHRA PRADESH,2012,1341,1403,504,4816,3714,13389,472,50078214,25639,51.19791213001327
ANDHRA PRADESH,2013,1635,1595,492,6930,4702,15084,489,50779309,30927,60.9047279473614
ANDHRA PRADESH,2014,961,721,468,4547,1072,6362,204,51490219,14335,27.8402389393605
ANDHRA PRADESH,2015,1027,684,174,4616,1070,6121,204,52211082,13896,26.61503931291828
ANDHRA PRADESH,2016,994,626,193,4829,1305,6461,186,52942037,14594,27.56599637448782
ANDHRA PRADESH,2017,988,712,152,5129,1998,7156,121,53683226,16256,30.281339649744595
ANDHRA PRADESH,2018,971,697,140,4445,1802,6831,152,54434791,15038,27.62571459124368
ANDHRA PRADESH,2019,1086,589,112,4444,1892,7851,88,55196878,16062,29.099471894044445
ANDHRA PRADESH,2020,1095,534,111,4886,2342,6546,48,55969634,15562,27.80436262992179
ANDHRA PRADESH,2021,1188,613,108,5108,2370,7092,70,56753209,16549,29.15958461485411
ARUNACHAL PRADESH,2001,33,55,0,78,3,11,0,1161054,180,15.503154892020529
ARUNACHAL PRADESH,2002,38,38,0,68,2,13,0,1181605,159,13.456273458558488
ARUNACHAL PRADESH,2003,31,51,0,43,0,14,0,1202519,139,11.55906892115634
ARUNACHAL PRADESH,2004,42,41,0,61,0,4,0,1223804,148,12.09343979918353
ARUNACHAL PRADESH,2005,35,39,0,67,0,9,0,1245465,150,12.0436945237321
ARUNACHAL PRADESH,2006,37,51,1,63,2,14,0,1267510,168,13.25433329914557
ARUNACHAL PRADESH,2007,48,44,0,72,1,20,0,1289945,185,14.341696739008253
ARUNACHAL PRADESH,2008,42,47,0,72,1,13,0,1312777,175,13.330519958835351
ARUNACHAL PRADESH,2009,59,28,0,58,6,13,0,1336013,164,12.275329656223406
ARUNACHAL PRADESH,2010,47,46,0,84,1,12,0,1359661,190,13.974071478111089
ARUNACHAL PRADESH,2011,42,60,0,0,0,18,0,1383727,120,8.672230866348638
ARUNACHAL PRADESH,2012,46,58,1,67,2,26,1,1403099,201,14.325432489083097
ARUNACHAL PRADESH,2013,75,86,0,93,3,29,2,1422742,288,20.24260196156436
ARUNACHAL PRADESH,2014,83,91,0,121,21,42,0,1442660,358,24.815271789610858
ARUNACHAL PRADESH,2015,71,128,0,101,15,66,2,1462858,383,26.181625284203932
ARUNACHAL PRADESH,2016,92,85,1,109,4,50,0,1483338,341,22.988691720969864
ARUNACHAL PRADESH,2017,59,74,0,97,5,56,2,1504104,293,19.48003595496056
ARUNACHAL PRADESH,2018,67,87,0,103,12,60,0,1525162,329,21.571478964201837
ARUNACHAL PRADESH,2019,63,68,1,80,6,54,0,1546514,272,17.58794294781683
ARUNACHAL PRADESH,2020,60,45,0,73,3,69,0,1568165,250,15.942199959825654
ARUNACHAL PRADESH,2021,83,50,0,74,10,112,0,1590120,329,20.69026237013559
ASSAM,2001,817,1070,59,850,4,1248,0,26153445,4048,15.477884462257268
ASSAM,2002,970,1276,70,984,7,1694,0,26616361,5001,18.789195111983943
ASSAM,2003,1095,1351,60,878,6,1808,0,27087471,5198,19.189683673311546
ASSAM,2004,1171,1552,74,883,11,1945,0,27566919,5636,20.444794719351844
ASSAM,2005,1238,1456,99,899,19,2206,3,28054853,5920,21.10151851446165
ASSAM,2006,1244,1544,105,1290,10,2548,0,28551424,6741,23.610030799164345
ASSAM,2007,1437,1471,100,789,10,3000,0,29056785,6807,23.42654220004037
ASSAM,2008,1438,1789,103,1272,2,3478,0,29571090,8082,27.33074769986497
ASSAM,2009,1631,2092,170,1342,10,4398,1,30094498,9644,32.045724770022744
ASSAM,2010,1721,2767,175,1400,20,5410,0,30627171,11493,37.525503090050336
ASSAM,2011,1700,3192,121,0,8,5246,21,31169272,10288,33.00686650621805
ASSAM,2012,1716,3360,140,1840,5,6407,30,31605641,13498,42.70756603227886
ASSAM,2013,1937,4222,170,2409,14,8636,18,32048120,17406,54.31207821238812
ASSAM,2014,1980,3895,92,3099,458,9626,29,32496794,19179,59.0181296038003
ASSAM,2015,1733,5039,216,4293,499,11225,47,32951749,23052,69.95683294382948
ASSAM,2016,1779,5339,157,3378,677,9321,65,33413074,20716,61.99968311805134
ASSAM,2017,1772,5554,171,3569,108,9782,40,33880857,20996,61.97009715545271
ASSAM,2018,1648,6401,173,4180,171,11136,37,34355189,23746,69.11910745127905
ASSAM,2019,1773,6989,156,4619,385,11943,12,34836161,25877,74.28200828443754
ASSAM,2020,1657,5364,148,4642,90,11408,18,35323868,23327,66.03750189531905
ASSAM,2021,1733,5739,198,4499,184,12950,22,35818402,25325,70.70388008934626
BIHAR,2001,888,518,859,562,21,1558,83,87347543,4489,5.139240150120766
BIHAR,2002,1040,744,927,621,6,1577,38,88893595,4953,5.571830006425097
BIHAR,2003,985,674,909,688,11,1880,37,90467012,5184,5.730265524852308
BIHAR,2004,1390,997,1029,704,13,2679,35,92068278,6847,7.436872013615808
BIHAR,2005,1147,929,1014,451,13,1574,74,93697886,5202,5.551886197304388
BIHAR,2006,1232,1084,1188,530,53,1689,42,95356339,5818,6.101324842179606
BIHAR,2007,1555,1260,1172,853,12,1635,56,97044146,6543,6.742292317148115
BIHAR,2008,1302,1789,1210,999,21,1992,22,98761827,7335,7.426958596057564
BIHAR,2009,929,1986,1295,726,12,2532,31,100509912,7511,7.472894812603159
BIHAR,2010,795,2569,1257,534,16,2271,8,102288937,7450,7.283290078574186
BIHAR,2011,934,3050,1413,0,11,2607,23,104099452,8038,7.721462356977634
BIHAR,2012,927,3789,1275,118,37,3686,35,105556844,9867,9.347570111133674
BIHAR,2013,1128,4419,1182,331,52,4533,64,107034640,11709,10.939449135345342
BIHAR,2014,1127,4735,2203,572,271,4672,31,108533125,13611,12.540871738466944
BIHAR,2015,1041,5158,1154,198,78,3792,21,110052588,11442,10.396847732467682
BIHAR,2016,1008,5496,987,324,124,3794,50,111593325,11783,10.558875273229829
BIHAR,2017,605,6182,1081,197,1,3776,24,113155631,11866,10.486442340637913
BIHAR,2018,651,7951,1107,262,30,2539,49,114739810,12589,10.971780413441508
BIHAR,2019,730,9025,1120,312,11,2397,40,116346167,13635,11.719337518012088
BIHAR,2020,806,6671,1046,584,6,1935,30,117975014,11078,9.39012391217008
BIHAR,2021,786,8661,1000,387,1,2069,32,119626664,12936,10.8136426842096
CHANDIGARH,2001,18,50,3,24,15,36,0,885604,146,16.48592373114846
CHANDIGARH,2002,18,47,1,36,28,56,0,901279,186,20.63733871531457
CHANDIGARH,2003,18,28,1,11,4,93,0,917232,155,16.89866903902175
CHANDIGARH,2004,19,43,6,20,18,73,0,933467,179,19.1758251764658
CHANDIGARH,2005,33,45,3,31,9,75,0,949989,196,20.63181784210133
CHANDIGARH,2006,19,57,10,20,13,102,0,966804,221,22.858821436402827
CHANDIGARH,2007,22,46,1,32,11,112,0,983917,224,22.766147957602115
CHANDIGARH,2008,20,42,3,19,2,49,0,1001332,135,13.482041920162343
CHANDIGARH,2009,29,36,2,26,2,51,0,1019056,146,14.326984974329184
CHANDIGARH,2010,31,28,5,29,4,41,0,1037093,138,13.3064247854339
CHANDIGARH,2011,27,46,2,0,12,46,1,1055450,134,12.69600644274954
CHANDIGARH,2012,27,66,5,45,25,73,0,1070226,241,22.51860821919856
CHANDIGARH,2013,45,174,1,143,26,92,6,1085209,487,44.87614828111451
CHANDIGARH,2014,59,133,2,87,31,141,0,1100402,453,41.16677359728536
CHANDIGARH,2015,72,165,5,76,22,126,0,1115808,466,41.76345751240357
CHANDIGARH,2016,68,112,4,76,26,122,0,1131429,408,36.06059240129076
CHANDIGARH,2017,65,138,1,100,12,121,0,1147269,437,38.0904565537812
CHANDIGARH,2018,86,139,6,100,3,93,0,1163331,427,36.7049446804048
CHANDIGARH,2019,112,129,6,66,15,177,0,1179617,505,42.81050544371605
CHANDIGARH,2020,4,0,1,6,3,4,0,1196132,18,1.5048506352141735
CHANDIGARH,2021,3,23,0,7,0,6,0,1212878,39,3.2154924073154927
CHHATTISGARH,2001,959,171,70,1763,161,840,0,21434409,3964,18.49362863235464
CHHATTISGARH,2002,992,154,85,1483,147,653,0,21813798,3514,16.109070048232773
CHHATTISGARH,2003,898,149,79,1481,105,601,0,22199903,3313,14.923488629657529
CHHATTISGARH,2004,969,174,71,1661,131,741,0,22592841,3747,16.58489961488243
CHHATTISGARH,2005,990,184,100,1450,132,732,0,22992734,3588,15.604929800866657
CHHATTISGARH,2006,995,178,103,1598,143,717,1,23399705,3735,15.96173968859864
CHHATTISGARH,2007,982,181,100,1549,111,824,0,23813880,3747,15.734521211999052
CHHATTISGARH,2008,978,216,106,1621,125,897,0,24235386,3943,16.26959851186195
CHHATTISGARH,2009,976,229,128,1598,152,893,0,24664352,3976,16.120431625367658
CHHATTISGARH,2010,1012,279,115,1706,182,861,2,25100911,4157,16.561151904008582
CHHATTISGARH,2011,1053,365,104,0,174,834,15,25545198,2545,9.962733504747154
CHHATTISGARH,2012,1034,350,81,1601,162,980,5,25902830,4213,16.26463208846292
CHHATTISGARH,2013,1380,1881,109,2261,180,1181,8,26265470,7000,26.65096036735684
CHHATTISGARH,2014,1436,1393,8,2122,649,964,2,26633186,6574,24.68349073971097
CHHATTISGARH,2015,1560,1354,89,1868,507,620,4,27006051,6002,22.22464883888429
CHHATTISGARH,2016,1626,1447,84,1770,244,622,17,27384136,5810,21.216663545638248
CHHATTISGARH,2017,1908,1457,74,1899,144,582,16,27767514,6080,21.89609051786199
CHHATTISGARH,2018,2091,1842,79,1854,184,503,15,28156259,6568,23.32696257695314
CHHATTISGARH,2019,1036,2033,76,1316,232,732,12,28550447,5437,19.04348467819085
CHHATTISGARH,2020,1210,1341,71,1461,279,641,3,28950153,5006,17.291791169462904
CHHATTISGARH,2021,1093,1158,65,1248,238,963,3,29355455,4768,16.242296363657115
DADRA AND NAGAR HAVELI,2001,6,2,0,7,0,4,0,288398,19,6.588117809416154
DADRA AND NAGAR HAVELI,2002,4,5,0,3,0,3,0,293503,15,5.1106802996902925
DADRA AND NAGAR HAVELI,2003,1,4,0,4,0,2,0,298698,11,3.6826493649103775
DADRA AND NAGAR HAVELI,2004,7,7,0,5,0,3,0,303985,22,7.237199203908087
DADRA AND NAGAR HAVELI,2005,5,9,0,5,0,5,0,309365,24,7.757826515604544
DADRA AND NAGAR HAVELI,2006,6,14,1,5,1,5,0,314841,32,10.163860488309972
DADRA AND NAGAR HAVELI,2007,7,6,0,0,0,3,0,320414,16,4.993539608131979
DADRA AND NAGAR HAVELI,2008,6,11,0,4,0,4,0,326085,25,7.666712666942669
DADRA AND NAGAR HAVELI,2009,4,9,0,2,1,3,0,331857,19,5.7253576088495945
DADRA AND NAGAR HAVELI,2010,3,10,0,11,2,3,0,337731,29,8.586715462897986
DADRA AND NAGAR HAVELI,2011,4,8,0,0,0,3,1,343709,16,4.655100681099419
DADRA AND NAGAR HAVELI,2012,3,9,0,2,0,0,2,348520,16,4.590841271663033
DADRA AND NAGAR HAVELI,2013,5,11,0,1,1,1,2,353400,21,5.942275042444821
DADRA AND NAGAR HAVELI,2014,5,7,0,2,0,6,0,358347,20,5.581182485133125
DADRA AND NAGAR HAVELI,2015,8,9,1,5,0,2,0,363364,25,6.880153234772845
DADRA AND NAGAR HAVELI,2016,14,5,0,1,0,6,0,368451,26,7.056569258870244
DADRA AND NAGAR HAVELI,2017,1,0,0,3,0,4,0,373610,8,2.1412703086105838
DADRA AND NAGAR HAVELI,2018,7,0,0,6,2,1,0,378840,16,4.223418857565199
DADRA AND NAGAR HAVELI,2019,0,1,3,3,0,3,0,384144,10,2.6031904702403263
DADRA AND NAGAR HAVELI,2020,997,2938,110,1840,416,2557,3,389522,8861,2274.839418569426
DADRA AND NAGAR HAVELI,2021,1250,4083,141,2068,417,4731,4,394975,12694,3213.8742958415087
DAMAN AND DIU,2001,0,3,0,0,0,4,0,204103,7,3.429640916596032
DAMAN AND DIU,2002,0,2,0,0,0,3,0,207715,5,2.407144404592832
DAMAN AND DIU,2003,5,1,1,3,0,0,0,211392,10,4.7305479866787765
DAMAN AND DIU,2004,1,0,0,1,0,4,0,215134,6,2.7889594392332224
DAMAN AND DIU,2005,2,2,1,1,0,3,0,218941,9,4.110696489008454
DAMAN AND DIU,2006,3,1,0,2,0,2,0,222817,8,3.590390320307697
DAMAN AND DIU,2007,1,1,1,0,0,3,0,226761,6,2.645957638218212
DAMAN AND DIU,2008,0,1,0,2,1,5,0,230774,9,3.899919401665699
DAMAN AND DIU,2009,1,0,0,4,1,3,0,234859,9,3.8320864859341137
DAMAN AND DIU,2010,1,2,0,2,0,3,0,239016,8,3.347056264015798
DAMAN AND DIU,2011,1,2,0,0,0,2,6,243247,11,4.522152380091018
DAMAN AND DIU,2012,5,0,0,0,0,3,3,246652,11,4.4597246322754325
DAMAN AND DIU,2013,8,6,0,2,0,2,6,250105,24,9.595969692729057
DAMAN AND DIU,2014,2,1,0,3,3,1,8,253607,18,7.097595886548873
DAMAN AND DIU,2015,5,13,0,7,3,3,0,257157,31,12.054892536466047
DAMAN AND DIU,2016,12,9,0,4,0,8,4,260757,37,14.18945608363342
DAMAN AND DIU,2017,7,0,0,6,1,5,0,264408,19,7.185864270370034
DAMAN AND DIU,2018,3,0,0,5,1,4,0,268110,13,4.848756107567789
DAMAN AND DIU,2019,4,2,2,5,3,4,1,271863,21,7.72447887355028
DAMAN AND DIU,2020,243,775,9,1744,35,349,0,275669,3155,1144.4884988881593
DAMAN AND DIU,2021,315,904,16,1851,10,501,1,279529,3598,1287.1651957399768
DELHI,2011,572,2085,142,0,162,1575,33,16787941,4569,27.21596412567807
DELHI,2012,706,2160,134,727,208,1985,24,17022972,5944,34.917522040217186
DELHI,2013,1636,3609,144,3515,916,3033,20,17261293,12873,74.57726370788097
DELHI,2014,2096,4034,13,4322,1186,3173,8,17502951,14832,84.73999612979549
DELHI,2015,2199,4301,122,5367,1150,3521,3,17747993,16663,93.88667214371787
DELHI,2016,2155,3891,162,4165,796,3877,4,17996465,15050,83.62753462971756
DELHI,2017,1229,3783,120,2874,619,2735,6,18248415,11366,62.28486145235079
DELHI,2018,1215,3715,153,2705,552,3416,1,18503893,11757,63.53798089947883
DELHI,2019,1253,3672,116,2355,456,3792,4,18762947,11648,62.07980015079721
DELHI,2020,2,0,0,4,0,3,0,19025629,9,0.0473046121103276
DELHI,2021,2,1,0,5,1,9,0,19291988,18,0.0933029815278757
GOA,2001,12,6,2,17,7,11,0,1223832,55,4.49408088691912
GOA,2002,12,5,2,18,6,8,0,1245494,51,4.094760793709162
GOA,2003,31,13,2,19,7,24,0,1267539,96,7.57373145915037
GOA,2004,37,10,2,23,15,17,0,1289975,104,8.062171747514485
GOA,2005,20,12,2,30,8,11,0,1312807,83,6.322330700552328
GOA,2006,21,10,0,18,7,14,0,1336044,70,5.239348404693259
GOA,2007,20,7,2,20,7,14,0,1359692,70,5.148224745015783
GOA,2008,30,28,2,32,12,12,0,1383759,116,8.382962640170724
GOA,2009,47,22,3,37,10,21,0,1408251,140,9.941409592466115
GOA,2010,36,18,1,36,16,17,0,1433177,124,8.65210647393867
GOA,2011,29,17,1,0,12,18,18,1458545,95,6.513340349457851
GOA,2012,55,16,0,49,16,24,40,1478964,200,13.522979599232976
GOA,2013,86,70,0,162,54,40,28,1499670,440,29.339788086712414
GOA,2014,95,86,0,202,50,35,9,1520665,477,31.36785551058254
GOA,2015,86,70,0,150,58,19,3,1541954,386,25.03317219579832
GOA,2016,61,69,2,143,41,23,3,1563542,342,21.87341305829968
GOA,2017,76,61,1,134,31,21,1,1585431,325,20.499157642306727
GOA,2018,61,78,0,125,26,9,7,1607627,306,19.03426603310345
GOA,2019,72,52,1,119,37,9,1,1630134,291,17.851293206570748
GOA,2020,60,31,0,67,35,8,0,1652956,201,12.160033297922029
GOA,2021,72,39,0,74,20,1,1,1676097,207,12.350120547915784
GUJARAT,2001,286,857,67,756,111,3667,0,50713606,5744,11.32634898808024
GUJARAT,2002,267,807,62,750,104,3321,0,51611237,5311,10.290394706098596
GUJARAT,2003,236,859,54,722,92,3684,0,52524756,5647,10.751120861941748
GUJARAT,2004,339,905,58,757,164,3955,0,53454444,6178,11.5575049288699
GUJARAT,2005,324,916,48,802,104,4090,0,54400588,6284,11.551345731777753
GUJARAT,2006,354,945,50,736,138,4977,0,55363478,7200,13.004963308121647
GUJARAT,2007,316,1089,42,822,120,5827,0,56343412,8216,14.582006499712868
GUJARAT,2008,374,1119,27,828,122,6094,0,57340690,8564,14.93529289584761
GUJARAT,2009,433,1162,24,727,114,5506,0,58355620,7966,13.650784620230237
GUJARAT,2010,408,1290,19,668,110,5600,0,59388515,8095,13.630581603193816
GUJARAT,2011,439,1442,30,0,93,6052,46,60439692,8102,13.40509809348466
GUJARAT,2012,473,1527,21,745,93,6658,44,61285847,9561,15.60066551743994
GUJARAT,2013,732,2230,29,1243,77,7812,76,62143849,12199,19.630261395620987
GUJARAT,2014,841,2187,53,1352,405,5991,45,63013863,10874,17.256520204133494
GUJARAT,2015,503,1569,12,1164,536,4133,35,63896057,7952,12.445212386110146
GUJARAT,2016,982,2146,12,1224,473,3732,76,64790602,8645,13.342984527293018
GUJARAT,2017,477,1259,9,1058,17,3223,28,65697670,6071,9.240814780798162
GUJARAT,2018,553,1024,9,1208,12,2923,34,66617438,5763,8.65088807528143
GUJARAT,2019,528,922,9,1048,16,3619,24,67550082,6166,9.128042213183395
GUJARAT,2020,486,597,6,846,17,3345,47,68495783,5344,7.801940157396259
GUJARAT,2021,589,881,11,660,7,2271,38,69454724,4457,6.417130100466601
HARYANA,2001,398,297,285,478,401,1513,0,21271850,3372,15.851935774274454
HARYANA,2002,361,290,256,454,1424,1565,0,21648361,4350,20.093899949284843
HARYANA,2003,353,271,222,344,1302,1618,0,22031537,4110,18.65507613018556
HARYANA,2004,386,292,251,403,850,2026,0,22421496,4208,18.767703992632786
HARYANA,2005,461,344,212,380,597,2075,0,22818356,4069,17.832134795337577
HARYANA,2006,608,431,255,486,491,2254,0,23222241,4525,19.485630176691387
HARYANA,2007,488,554,269,417,409,2412,0,23633275,4549,19.248284463325543
HARYANA,2008,631,644,302,435,605,2435,0,24051584,5052,21.004853568064373
HARYANA,2009,603,659,281,451,605,2617,0,24477297,5216,21.309542471131515
HARYANA,2010,720,714,284,476,580,2720,0,24910545,5494,22.054916903664694
HARYANA,2011,733,733,255,0,490,2740,57,25351462,5008,19.754284782471323
HARYANA,2012,668,900,258,525,434,3137,69,25706382,5991,23.30549666615862
HARYANA,2013,971,1957,263,1560,643,3617,63,26066271,9074,34.81127008922757
HARYANA,2014,1174,1922,13,1688,599,3478,43,26431199,8917,33.73664584796172
HARYANA,2015,1070,2336,243,1886,688,3525,44,26801236,9792,36.53562843146488
HARYANA,2016,1187,2697,260,1860,699,3313,59,27176453,10075,37.0725348153418
HARYANA,2017,1099,2949,245,2031,179,3326,57,27556924,9886,35.87483131281271
HARYANA,2018,1296,3419,216,2671,192,4154,43,27942721,11991,42.91278576628239
HARYANA,2019,1480,2803,248,2581,173,4867,28,28333919,12180,42.98734672037426
HARYANA,2020,1373,2423,251,2339,183,4119,28,28730593,10716,37.29822075026436
HARYANA,2021,1716,2958,275,2882,290,5755,28,29132822,13904,47.72623812413367
HIMACHAL PRADESH,2001,124,105,10,310,14,317,0,5759935,880,15.277950185201744
HIMACHAL PRADESH,2002,137,116,6,326,12,234,0,5861886,831,14.176324821055884
HIMACHAL PRADESH,2003,126,96,6,250,18,221,0,5965641,717,12.018825805977931
HIMACHAL PRADESH,2004,153,99,8,284,16,252,0,6071233,812,13.37454846486702
HIMACHAL PRADESH,2005,141,102,2,286,29,228,0,6178694,788,12.75350421950011
HIMACHAL PRADESH,2006,113,109,3,275,31,259,0,6288057,790,12.56349934486917
HIMACHAL PRADESH,2007,159,150,8,322,33,342,0,6399355,1014,15.845346913868664
HIMACHAL PRADESH,2008,157,137,3,295,41,343,0,6512624,976,14.986278956070548
HIMACHAL PRADESH,2009,183,122,1,318,37,284,0,6627897,945,14.257916198758068
HIMACHAL PRADESH,2010,160,162,2,350,78,275,0,6745211,1027,15.225617108197207
HIMACHAL PRADESH,2011,168,191,4,0,62,239,2,6864602,666,9.701946303660431
HIMACHAL PRADESH,2012,183,152,2,250,68,251,6,6960706,912,13.1021192390542
HIMACHAL PRADESH,2013,250,290,0,493,111,328,4,7058156,1476,20.911977576012774
HIMACHAL PRADESH,2014,283,227,2,538,159,325,5,7156970,1539,21.503513358306652
HIMACHAL PRADESH,2015,244,239,2,434,99,226,6,7257168,1250,17.224349773906294
HIMACHAL PRADESH,2016,252,201,3,410,114,214,7,7358768,1201,16.32066672029883
HIMACHAL PRADESH,2017,249,242,3,397,52,191,8,7461791,1142,15.304636648225609
HIMACHAL PRADESH,2018,344,341,4,513,78,183,10,7566256,1473,19.468016942593536
HIMACHAL PRADESH,2019,359,337,4,498,72,228,10,7672183,1508,19.65542271345717
HIMACHAL PRADESH,2020,331,281,1,538,88,259,0,7779594,1498,19.25550356483899
HIMACHAL PRADESH,2021,358,344,2,487,94,221,6,7888508,1512,19.16712260417306
JAMMU AND KASHMIR,2001,169,504,13,622,288,50,0,11416761,1646,14.41739912046858
JAMMU AND KASHMIR,2002,192,596,18,785,368,54,0,11618838,2013,17.325312565679976
JAMMU AND KASHMIR,2003,211,615,10,875,376,71,0,11824491,2158,18.25025703009119
JAMMU AND KASHMIR,2004,218,632,9,990,264,82,0,12033785,2195,18.24031258660513
JAMMU AND KASHMIR,2005,201,658,5,830,371,76,0,12246783,2141,17.482142044976218
JAMMU AND KASHMIR,2006,250,723,10,960,347,135,0,12463551,2425,19.45673428062356
JAMMU AND KASHMIR,2007,288,707,9,986,353,176,0,12684156,2519,19.859421470376112
JAMMU AND KASHMIR,2008,219,656,21,935,296,162,0,12908665,2289,17.732275181050866
JAMMU AND KASHMIR,2009,237,825,12,972,371,196,0,13137149,2613,19.89016033844177
JAMMU AND KASHMIR,2010,245,840,9,1038,262,211,0,13369676,2605,19.48439139437635
JAMMU AND KASHMIR,2011,277,1023,11,0,350,286,1,13606320,1948,14.316876275142729
JAMMU AND KASHMIR,2012,303,1041,8,1322,347,301,3,13796808,3325,24.099777281817648
JAMMU AND KASHMIR,2013,378,949,7,1389,354,428,1,13989963,3506,25.060823963580173
JAMMU AND KASHMIR,2014,331,813,1,1421,242,467,1,14185823,3276,23.093478608890017
JAMMU AND KASHMIR,2015,296,1071,6,1343,244,400,0,14384424,3360,23.358599551848584
JAMMU AND KASHMIR,2016,256,774,6,1235,253,342,1,14585806,2867,19.656095796145923
JAMMU AND KASHMIR,2017,296,931,8,1417,41,377,0,14790008,3070,20.75725719688589
JAMMU AND KASHMIR,2018,320,1061,8,1597,25,325,1,14997068,3337,22.25101599859386
JAMMU AND KASHMIR,2019,223,893,8,1440,15,347,0,15207027,2926,19.241104786622657
JAMMU AND KASHMIR,2020,1321,993,275,1358,6,857,2,15419925,4812,31.206377462925403
JAMMU AND KASHMIR,2021,1425,1159,281,1335,6,931,3,15635804,5140,32.87326958050894
JHARKHAND,2001,567,279,217,297,5,484,2,27679612,1851,6.687232465541785
JHARKHAND,2002,797,178,275,411,3,588,36,28169541,2288,8.122248069288739
JHARKHAND,2003,712,262,262,424,2,559,0,28668142,2221,7.747275704159691
JHARKHAND,2004,797,178,275,411,3,588,36,29175568,2288,7.842178085444644
JHARKHAND,2005,753,283,257,293,36,590,4,29691976,2216,7.463295807594617
JHARKHAND,2006,799,410,281,414,44,668,5,30217524,2621,8.673774859912415
JHARKHAND,2007,855,534,303,342,15,801,0,30752374,2850,9.26757719582885
JHARKHAND,2008,791,499,266,271,23,851,39,31296691,2740,8.75491917020876
JHARKHAND,2009,719,517,295,276,83,710,6,31850642,2606,8.181938687452517
JHARKHAND,2010,773,696,276,245,16,650,8,32414399,2664,8.218569778202582
JHARKHAND,2011,784,660,282,0,7,659,15,32988134,2407,7.296563061129799
JHARKHAND,2012,812,786,302,284,10,1261,12,33449967,3467,10.364733693160296
JHARKHAND,2013,1204,926,307,524,18,2084,11,33918267,5074,14.959490707470405
JHARKHAND,2014,1050,885,1538,440,114,1462,11,34393123,5500,15.99156901221212
JHARKHAND,2015,1053,930,267,844,531,1654,3,34874626,5282,15.145682135774017
JHARKHAND,2016,1109,693,278,667,373,1002,0,35362871,4122,11.656293404458026
JHARKHAND,2017,914,1033,248,748,104,998,4,35857951,4049,11.29177738014088
JHARKHAND,2018,1090,1018,252,1378,37,1032,9,36359963,4816,13.24533801093252
JHARKHAND,2019,1416,1008,299,1646,7,1426,4,36869002,5806,15.747646220529647
JHARKHAND,2020,504,923,176,4751,70,2055,159,37385168,8638,23.1054197750295
JHARKHAND,2021,555,906,158,5105,71,2336,190,37908561,9321,24.58811348708277
KARNATAKA,2001,293,271,220,1665,81,1755,0,51263710,4285,8.358739544991964
KARNATAKA,2002,292,300,233,1648,100,1826,0,52171077,4399,8.431875002312104
KARNATAKA,2003,321,244,194,1585,84,1704,0,53094505,4132,7.7823496047284
KARNATAKA,2004,291,286,259,1435,57,1588,0,54034278,3916,7.247251457676551
KARNATAKA,2005,343,312,261,1585,71,1883,0,54990685,4455,8.101372077834636
KARNATAKA,2006,400,328,244,1683,38,2129,0,55964020,4822,8.616250226484802
KARNATAKA,2007,436,390,251,1828,28,2507,0,56954583,5440,9.551470160004508
KARNATAKA,2008,446,405,259,1954,44,2638,1,57962679,5747,9.915000650677309
KARNATAKA,2009,509,408,264,2186,64,3185,2,58988619,6618,11.21911330048259
KARNATAKA,2010,586,586,248,2544,83,3441,0,60032717,7488,12.473198572704948
KARNATAKA,2011,636,715,267,0,81,3712,351,61095297,5762,9.431167836044729
KARNATAKA,2012,621,1070,218,2978,100,3684,335,61950631,9006,14.537382193895652
KARNATAKA,2013,1030,1359,277,3913,137,3276,340,62817939,10332,16.447531014986023
KARNATAKA,2014,1324,1457,1730,5263,253,3025,388,63697391,13440,21.09976529493963
KARNATAKA,2015,589,1611,254,5112,535,2732,420,64589154,11253,17.422429778225613
KARNATAKA,2016,1655,1923,234,5260,703,2556,323,65493402,12654,19.321030231411708
KARNATAKA,2017,546,967,206,5763,212,2332,236,66410310,10262,15.452419963105124
KARNATAKA,2018,492,1240,200,5204,138,2053,179,67340054,9506,14.116412796461375
KARNATAKA,2019,505,1056,194,4937,107,2472,214,68282815,9485,13.890757139991958
KARNATAKA,2020,637,151,6,3890,442,2707,5,69238774,7838,11.320246658324711
KARNATAKA,2021,771,179,9,4059,504,4997,5,70208117,10524,14.989719778412518
KERALA,2001,562,97,27,1942,81,2561,0,28030285,5270,18.80109317475723
KERALA,2002,499,91,17,2123,102,2836,0,28526421,5668,19.869299411938147
KERALA,2003,394,102,33,1947,68,2930,0,29031339,5474,18.85548579071741
KERALA,2004,480,142,31,2260,133,3222,0,29545194,6268,21.214956314045526
KERALA,2005,478,129,21,2339,175,3283,0,30068144,6425,21.36812967238683
KERALA,2006,601,202,25,2543,222,3708,0,30600350,7301,23.85920422478828
KERALA,2007,512,177,27,2624,262,3999,0,31141976,7601,24.4075713114672
KERALA,2008,568,166,31,2745,258,4138,0,31693189,7906,24.94542281623979
KERALA,2009,568,173,20,2540,395,4007,0,32254158,7703,23.88219218123753
KERALA,2010,634,184,22,2936,537,4797,0,32825057,9110,27.75318866925349
KERALA,2011,1132,221,15,0,573,5377,197,33406061,7515,22.495917731815197
KERALA,2012,1019,214,32,3735,498,5216,210,33873745,10924,32.249165245826816
KERALA,2013,1221,185,21,4362,404,4820,180,34347978,11193,32.58707106427051
KERALA,2014,1347,143,3,4367,980,4919,91,34828849,11850,34.02351883635316
KERALA,2015,1256,192,8,3987,1145,3668,135,35316453,10391,29.42254704910485
KERALA,2016,1656,166,25,4029,1273,3455,113,35810884,10717,29.926655817823427
KERALA,2017,2003,184,12,4413,421,2856,21,36312236,9910,27.29107620913237
KERALA,2018,1945,173,17,4544,461,2046,4,36820607,9190,24.958849809292936
KERALA,2019,2023,227,8,4507,435,2970,10,37336096,10180,27.26583947073631
KERALA,2020,2339,4782,608,5378,200,5540,14,37858801,18861,49.819327347424455
KERALA,2021,2947,6106,522,5760,250,7929,15,38388825,23529,61.29127421847374
LAKSHADWEEP,2001,0,0,0,0,0,0,0,54097,0,0.0
LAKSHADWEEP,2002,1,0,0,1,0,0,0,55055,2,3.6327309054581782
LAKSHADWEEP,2003,2,0,0,1,0,1,0,56029,4,7.139160077816845
LAKSHADWEEP,2004,0,0,0,0,0,1,0,57021,1,1.7537398502306167
LAKSHADWEEP,2005,0,0,0,0,0,0,0,58030,0,0.0
LAKSHADWEEP,2006,0,0,0,0,0,1,0,59058,1,1.6932507026990418
LAKSHADWEEP,2007,1,0,0,2,0,2,0,60103,5,8.319052293562716
LAKSHADWEEP,2008,2,1,0,0,0,1,0,61167,4,6.539473899324799
LAKSHADWEEP,2009,1,0,0,0,0,0,0,62249,1,1.6064515092611928
LAKSHADWEEP,2010,0,0,0,0,0,0,0,63351,0,0.0
LAKSHADWEEP,2011,0,0,0,0,0,0,0,64473,0,0.0
LAKSHADWEEP,2012,0,0,0,1,0,1,0,65375,2,3.059273422562142
LAKSHADWEEP,2013,2,0,0,1,0,0,0,66290,3,4.525569467491327
LAKSHADWEEP,2014,1,0,0,1,0,0,0,67218,2,2.975393495789818
LAKSHADWEEP,2015,0,0,0,6,0,2,0,68160,8,11.737089201877934
LAKSHADWEEP,2016,5,0,0,1,0,2,0,69114,8,11.5750788552247
LAKSHADWEEP,2017,0,0,0,0,0,2,0,70081,2,2.8538405559281403
LAKSHADWEEP,2018,2,0,0,0,1,1,0,71063,4,5.628808240575264
LAKSHADWEEP,2019,0,0,0,5,8,0,0,72057,13,18.04127288119128
LAKSHADWEEP,2020,3,0,0,3,1,0,0,73066,7,9.580379383023567
LAKSHADWEEP,2021,0,0,0,1,1,3,0,74089,5,6.748640149009975
MADHYA PRADESH,2001,2851,668,609,7063,751,2562,0,60939546,14504,23.80063678190185
MADHYA PRADESH,2002,2891,639,674,7118,783,3117,0,62018176,15222,24.54441743014177
MADHYA PRADESH,2003,2738,608,648,6848,705,2938,0,63115898,14485,22.949843793714223
MADHYA PRADESH,2004,2875,584,751,6690,804,3436,0,64233049,15140,23.5704208903426
MADHYA PRADESH,2005,2921,604,739,6426,792,2989,3,65369974,14474,22.14166400004993
MADHYA PRADESH,2006,2900,617,764,6243,762,2989,0,66527023,14275,21.457445946438938
MADHYA PRADESH,2007,3010,701,742,6772,780,3294,0,67704551,15299,22.596708454650265
MADHYA PRADESH,2008,2937,736,805,6445,758,3185,0,68902921,14866,21.57528270826138
MADHYA PRADESH,2009,2998,841,858,6307,728,3983,1,70122503,15716,22.412206249968
MADHYA PRADESH,2010,3135,1030,892,6646,918,3756,5,71363672,16382,22.95565732660169
MADHYA PRADESH,2011,3406,1088,811,0,762,3732,24,72626809,9823,13.525308539991066
MADHYA PRADESH,2012,3425,1127,743,6655,774,3988,13,73643584,16725,22.71073607715779
MADHYA PRADESH,2013,4335,2873,776,8252,736,4988,22,74674594,21982,29.43705324999825
MADHYA PRADESH,2014,5076,5688,113,9609,3163,6451,15,75720038,30115,39.771506717944334
MADHYA PRADESH,2015,4391,4547,664,8049,2559,5281,25,76780119,25516,33.23256115297242
MADHYA PRADESH,2016,4882,4904,629,8717,3128,6264,20,77855041,28544,36.66300811529982
MADHYA PRADESH,2017,5562,5200,632,9252,277,6099,27,78945011,27049,34.263089785369715
MADHYA PRADESH,2018,5433,6126,547,8790,270,4159,40,80050241,25365,31.68635057575904
MADHYA PRADESH,2019,2485,6091,550,5585,174,5486,21,81170945,20392,25.12228975528128
MADHYA PRADESH,2020,2061,5254,197,9965,969,6729,85,82307338,25260,30.68985173594121
MADHYA PRADESH,2021,2496,7559,172,10568,1038,10095,95,83459641,32023,38.3694437410772
MAHARASHTRA,2001,1302,611,308,2823,1120,6090,1,94290813,12255,12.99702442909258
MAHARASHTRA,2002,1352,650,303,2686,769,5353,0,95959760,11113,11.580895992236746
MAHARASHTRA,2003,1268,626,368,2661,682,5452,0,97658248,11057,11.322136354524812
MAHARASHTRA,2004,1388,787,314,2831,862,5646,0,99386799,11828,11.900976909418322
MAHARASHTRA,2005,1545,851,341,3228,919,6233,0,101145945,13117,12.968389390202445
MAHARASHTRA,2006,1500,921,387,3479,984,6738,1,102936229,14010,13.610368415575044
MAHARASHTRA,2007,1451,967,436,3306,1039,7356,0,104758200,14555,13.89390042975156
MAHARASHTRA,2008,1558,998,390,3619,1091,7829,0,106612420,15485,14.524574153743062
MAHARASHTRA,2009,1483,926,341,3196,1099,7681,0,108499460,14726,13.572417779775126
MAHARASHTRA,2010,1599,1124,393,3661,1180,7434,0,110419900,15391,13.93861070332431
MAHARASHTRA,2011,1701,1252,339,0,1071,7136,390,112374333,11889,10.57981807998807
MAHARASHTRA,2012,1839,1140,329,3935,1294,7415,366,113947573,16318,14.32062094029857
MAHARASHTRA,2013,3063,1874,320,8132,2632,8542,289,115542839,24852,21.50890545453881
MAHARASHTRA,2014,3438,2457,39,10001,4052,7696,202,117160439,27885,23.80069606943006
MAHARASHTRA,2015,4144,5096,268,11713,4751,7640,381,118800685,33993,28.61347137855308
MAHARASHTRA,2016,4189,6170,248,11396,4057,7215,303,120463895,33578,27.873911930209463
MAHARASHTRA,2017,1933,6248,233,9392,919,6584,248,122150389,25557,20.922569472946996
MAHARASHTRA,2018,2142,6825,200,10835,1074,6862,200,123860495,28138,22.717493580176637
MAHARASHTRA,2019,2299,6906,196,10472,1074,8430,152,125594542,29529,23.51137201487625
MAHARASHTRA,2020,32,49,1,61,8,7,0,127352865,158,0.1240647393366454
MAHARASHTRA,2021,26,44,2,92,16,18,0,129135805,198,0.1533269568420625
MANIPUR,2001,20,62,0,21,0,5,0,2396233,108,4.507074228591293
MANIPUR,2002,14,82,0,58,0,10,0,2438646,164,6.725043323221164
MANIPUR,2003,18,71,0,44,0,4,0,2481810,137,5.520164718491746
MANIPUR,2004,31,71,0,30,0,2,0,2525738,134,5.305380051295899
MANIPUR,2005,25,69,0,25,0,20,0,2570444,139,5.407626075495128
MANIPUR,2006,40,79,0,42,0,10,0,2615941,171,6.536844676542781
MANIPUR,2007,20,83,0,70,0,15,0,2662243,188,7.061714501643914
MANIPUR,2008,38,87,1,57,0,28,0,2709365,211,7.787802677011034
MANIPUR,2009,31,97,0,39,2,25,0,2757320,194,7.035817387898394
MANIPUR,2010,34,107,0,31,0,18,0,2806125,190,6.770902935542787
MANIPUR,2011,53,116,1,0,0,39,0,2855794,209,7.318455042625623
MANIPUR,2012,63,133,0,49,1,43,15,2895775,304,10.49805319819392
MANIPUR,2013,72,125,0,59,0,29,0,2936315,285,9.706043118670852
MANIPUR,2014,75,121,0,98,5,41,0,2977424,340,11.419267124870355
MANIPUR,2015,46,94,0,84,2,39,0,3019108,265,8.777426975119804
MANIPUR,2016,55,95,0,65,15,29,0,3061375,259,8.46025070434037
MANIPUR,2017,40,70,0,66,8,19,0,3104235,203,6.539453359684432
MANIPUR,2018,52,85,0,56,8,14,0,3147694,215,6.830397109757174
MANIPUR,2019,36,84,0,59,7,15,0,3191762,201,6.297462028810419
MANIPUR,2020,67,29,1,86,16,17,0,3236446,216,6.673987454139509
MANIPUR,2021,75,42,0,92,24,21,3,3281757,257,7.831170924599231
MEGHALAYA,2001,26,11,0,25,0,4,0,2489450,66,2.6511880134166184
MEGHALAYA,2002,38,10,0,23,0,0,0,2533514,71,2.8024317213167165
MEGHALAYA,2003,40,10,0,13,1,4,0,2578357,68,2.6373384290848785
MEGHALAYA,2004,54,18,2,34,0,5,0,2623994,113,4.306412286003703
MEGHALAYA,2005,63,19,1,44,0,3,0,2670438,130,4.868115267982256
MEGHALAYA,2006,74,25,6,57,0,13,0,2717705,175,6.439256652212068
MEGHALAYA,2007,82,22,2,45,1,19,0,2765809,171,6.182639509814307
MEGHALAYA,2008,88,25,2,54,4,32,0,2814763,205,7.283028802069658
MEGHALAYA,2009,112,26,0,72,1,24,1,2864585,236,8.238540661212706
MEGHALAYA,2010,149,37,0,48,0,24,0,2915288,258,8.84989750583819
MEGHALAYA,2011,130,37,1,0,1,21,2,2966889,192,6.471425119038832
MEGHALAYA,2012,164,24,1,43,0,16,7,3008425,255,8.476196016187872
MEGHALAYA,2013,183,33,2,98,0,23,4,3050543,343,11.243899856517348
MEGHALAYA,2014,118,38,1,105,0,42,3,3093251,307,9.924833128640383
MEGHALAYA,2015,93,58,1,95,22,44,0,3136556,313,9.979098093577797
MEGHALAYA,2016,190,51,0,68,20,26,2,3180468,357,11.224763148065
MEGHALAYA,2017,119,54,1,88,21,20,0,3224994,303,9.39536631696059
MEGHALAYA,2018,87,58,1,95,16,18,2,3270144,277,8.4705749960858
MEGHALAYA,2019,102,71,3,96,18,23,3,3315926,316,9.529766345811096
MEGHALAYA,2020,33,1,0,26,3,7,0,3362349,70,2.08187787763852
MEGHALAYA,2021,26,0,0,31,0,11,0,3409422,68,1.9944729634524565
MIZORAM,2001,52,1,0,52,0,16,3,920641,124,13.468876576211574
MIZORAM,2002,76,2,0,73,0,3,0,936936,154,16.43655489809336
MIZORAM,2003,54,2,0,88,0,3,0,953520,147,15.416561792096651
MIZORAM,2004,20,0,0,66,0,0,0,970397,86,8.86235221254806
MIZORAM,2005,37,0,4,49,4,0,0,987573,94,9.518283711685111
MIZORAM,2006,72,1,0,51,0,1,0,1005053,125,12.437155055504537
MIZORAM,2007,83,0,0,66,0,2,0,1022843,151,14.762773954556074
MIZORAM,2008,77,1,0,78,0,5,0,1040947,161,15.466685623763746
MIZORAM,2009,83,0,0,61,1,4,0,1059372,149,14.064936585071155
MIZORAM,2010,92,0,0,75,0,3,0,1078123,170,15.768145193080938
MIZORAM,2011,77,0,0,0,1,9,8,1097206,95,8.658355860248667
MIZORAM,2012,103,3,0,85,0,8,0,1112566,199,17.886579313047495
MIZORAM,2013,89,2,0,81,0,5,0,1128142,177,15.689514263275369
MIZORAM,2014,120,3,0,97,53,8,0,1143936,281,24.564311290142104
MIZORAM,2015,58,8,0,75,53,9,0,1159951,203,17.500739255365097
MIZORAM,2016,23,3,0,71,44,19,3,1176191,163,13.858293423432078
MIZORAM,2017,25,0,0,64,2,20,0,1192657,111,9.30695078299964
MIZORAM,2018,50,1,0,67,1,6,0,1209355,125,10.336088245387003
MIZORAM,2019,42,2,0,35,0,5,0,1226286,84,6.849951805696224
MIZORAM,2020,4,6,1,7,2,2,0,1243454,22,1.769265288462621
MIZORAM,2021,4,5,0,11,1,2,0,1260862,23,1.8241488759277384
NAGALAND,2001,17,6,0,6,0,0,0,1660117,29,1.746864829406602
NAGALAND,2002,17,4,0,1,0,0,0,1689501,22,1.302159631749256
NAGALAND,2003,14,3,0,4,2,0,1,1719405,24,1.3958316975930627
NAGALAND,2004,18,4,0,3,1,0,0,1749838,26,1.485851833141125
NAGALAND,2005,17,9,0,7,0,0,0,1780811,33,1.8530882839335563
NAGALAND,2006,23,3,0,3,2,3,0,1812331,34,1.8760369932424048
NAGALAND,2007,13,6,0,8,1,0,0,1844409,28,1.5181014623112337
NAGALAND,2008,19,7,0,15,1,4,0,1877055,46,2.450647423756896
NAGALAND,2009,22,10,0,11,0,0,0,1910279,43,2.25098009243676
NAGALAND,2010,16,6,0,13,3,1,0,1944091,39,2.0060789335478635
NAGALAND,2011,23,3,0,0,0,1,2,1978502,29,1.4657554048466972
NAGALAND,2012,21,10,0,16,0,0,4,2006201,51,2.542118162636745
NAGALAND,2013,31,11,1,18,1,4,1,2034287,67,3.2935372442531463
NAGALAND,2014,30,13,0,16,5,3,1,2062767,68,3.296542944501245
NAGALAND,2015,35,30,0,8,6,4,3,2091646,86,4.111594409379025
NAGALAND,2016,26,50,1,14,6,3,0,2120929,100,4.714915020729124
NAGALAND,2017,10,7,0,12,0,3,3,2150622,35,1.6274361556796126
NAGALAND,2018,10,35,0,10,5,3,1,2180731,64,2.934795717582774
NAGALAND,2019,8,13,0,8,1,0,0,2211261,30,1.3566919508823243
NAGALAND,2020,1211,3775,320,12605,615,3659,19,2242219,22204,990.269014757256
NAGALAND,2021,1456,5175,293,14853,838,4889,31,2273610,27535,1211.0696205593747
ODISHA,2001,790,434,294,1655,458,1266,0,35219636,4897,13.904175500280582
ODISHA,2002,691,432,248,1605,188,1167,0,35843024,4331,12.083243869155684
ODISHA,2003,725,373,279,1669,188,1289,0,36477445,4523,12.399442998269205
ODISHA,2004,770,423,319,1811,170,1192,0,37123096,4685,12.620175860332338
ODISHA,2005,799,547,334,2238,184,1671,0,37780175,5773,15.28050095056468
ODISHA,2006,985,577,457,2415,247,694,12,38448884,5387,14.010809780590773
ODISHA,2007,939,660,461,2775,241,728,0,39129429,5804,14.832825697507625
ODISHA,2008,1113,762,401,2782,282,1618,0,39822020,6958,17.472744978783094
ODISHA,2009,1023,799,384,2697,210,2047,1,40526870,7161,17.669758360317488
ODISHA,2010,1025,912,388,2905,232,2067,5,41244195,7534,18.26681306302621
ODISHA,2011,1112,1008,465,0,235,2320,23,41974218,5163,12.300407836067368
ODISHA,2012,1458,1364,525,4187,304,2638,24,42561857,10500,24.66997621837788
ODISHA,2013,1832,2067,395,4618,426,2792,27,43157723,12157,28.16877062768117
ODISHA,2014,1978,2436,646,5543,802,3114,32,43761931,14551,33.2503609130045
ODISHA,2015,2251,2587,356,6499,886,3605,35,44374598,16219,36.55019026876593
ODISHA,2016,1983,2291,397,8252,979,2781,38,44995842,16721,37.16121147371795
ODISHA,2017,2070,2773,326,9132,490,2525,21,45625784,17337,37.9982511642978
ODISHA,2018,918,2611,372,9973,506,1984,10,46264545,16374,35.392112902007355
ODISHA,2019,1382,3934,342,11308,536,2739,19,46912248,20260,43.187015894015566
ODISHA,2020,502,1241,63,731,28,1271,11,47569020,3847,8.087196246632788
ODISHA,2021,464,1616,69,678,39,1714,12,48234986,4592,9.520060812290897
PUDUCHERRY,2001,9,3,1,35,27,3,0,1047129,78,7.448938955945256
PUDUCHERRY,2002,6,6,5,59,26,9,0,1065663,111,10.416050852849352
PUDUCHERRY,2003,2,13,1,56,27,4,0,1084526,103,9.497236580773537
PUDUCHERRY,2004,4,8,6,50,30,2,0,1103722,100,9.060252491116422
PUDUCHERRY,2005,6,3,4,60,26,6,0,1123258,105,9.34780789453536
PUDUCHERRY,2006,9,13,3,56,39,19,0,1143139,139,12.159501163025668
PUDUCHERRY,2007,9,14,2,89,32,17,0,1163373,163,14.010983579642986
PUDUCHERRY,2008,8,9,2,65,21,12,0,1183965,117,9.882048878134068
PUDUCHERRY,2009,1,13,0,53,16,10,0,1204921,93,7.718348339849667
PUDUCHERRY,2010,3,14,1,46,22,7,0,1226248,93,7.584110228925959
PUDUCHERRY,2011,7,9,1,0,16,10,3,1247953,46,3.68603625296786
PUDUCHERRY,2012,13,16,0,9,2,6,4,1265424,50,3.951244800161843
PUDUCHERRY,2013,17,25,1,12,8,8,0,1283140,71,5.533301120688312
PUDUCHERRY,2014,10,7,14,32,12,4,1,1301104,80,6.148624552687563
PUDUCHERRY,2015,3,14,1,33,10,4,1,1319319,66,5.002580876952427
PUDUCHERRY,2016,6,11,0,43,13,15,0,1337790,88,6.578012991575659
PUDUCHERRY,2017,7,9,2,33,4,5,0,1356519,60,4.423085854307975
PUDUCHERRY,2018,0,14,0,60,9,8,4,1375510,95,6.906529214618577
PUDUCHERRY,2019,10,0,0,23,0,8,0,1394767,41,2.939559080477241
PUDUCHERRY,2020,8,0,2,25,0,9,0,1414294,44,3.1110928845063337
PUDUCHERRY,2021,2,0,2,31,3,12,0,1434094,50,3.4865218040100583
PUNJAB,2001,298,324,159,372,47,1128,0,23278820,2328,10.000506898545543
PUNJAB,2002,299,354,166,341,145,944,0,23690855,2249,9.493114537233884
PUNJAB,2003,380,295,110,346,199,987,0,24110183,2317,9.61004733974852
PUNJAB,2004,390,311,113,261,38,801,0,24536933,1914,7.800485904248913
PUNJAB,2005,398,329,99,308,43,729,0,24971237,1906,7.632781667964626
PUNJAB,2006,442,418,130,314,60,801,2,25413228,2167,8.527055280029755
PUNJAB,2007,519,545,133,427,48,971,0,25863042,2643,10.219215512235568
PUNJAB,2008,517,514,128,388,49,984,0,26320818,2580,9.802126970369994
PUNJAB,2009,511,513,126,319,33,1061,0,26786696,2563,9.568182653060312
PUNJAB,2010,546,576,121,349,38,1163,0,27260821,2793,10.245472797756165
PUNJAB,2011,479,517,143,0,31,1136,50,27743338,2356,8.492128813050543
PUNJAB,2012,680,689,118,340,31,1293,86,28131744,3237,11.506574210258703
PUNJAB,2013,888,987,126,1045,67,1741,137,28525589,4991,17.49657123644318
PUNJAB,2014,981,1176,5,1113,344,1681,63,28924947,5363,18.541088424466256
PUNJAB,2015,886,1253,85,1123,400,1583,69,29329896,5399,18.407838882210832
PUNJAB,2016,838,1208,80,1025,325,1568,64,29740515,5108,17.17522376461874
PUNJAB,2017,530,1099,68,933,22,1199,7,30156882,3858,12.79309976409365
PUNJAB,2018,831,1266,67,956,19,1470,6,30579078,4615,15.09201814390872
PUNJAB,2019,1002,1534,69,944,35,1595,9,31007185,5188,16.731605916499674
PUNJAB,2020,5310,4739,479,8661,85,13765,67,31441286,33106,105.2946752877729
PUNJAB,2021,6337,5964,452,9079,73,16949,40,31881464,38894,121.9956523953856
RAJASTHAN,2001,1049,2165,376,2878,56,5532,1,57517474,12057,20.96232529265802
RAJASTHAN,2002,1051,2019,399,2730,44,5691,0,58535534,11934,20.387616178576245
RAJASTHAN,2003,1050,1750,389,2715,33,5733,1,59571613,11671,19.59154606070512
RAJASTHAN,2004,1038,1881,379,2825,41,6781,1,60626030,12946,21.35386400857849
RAJASTHAN,2005,993,1549,361,2503,28,5997,0,61699111,11431,18.52700924653517
RAJASTHAN,2006,1085,1553,394,2582,31,7038,3,62791185,12686,20.20347282823218
RAJASTHAN,2007,1238,1694,439,2477,28,8170,0,63902589,14046,21.980330092729105
RAJASTHAN,2008,1355,1863,439,2520,19,8113,0,65033665,14309,22.00245057694349
RAJASTHAN,2009,1519,2310,436,2485,24,10371,0,66184761,17145,25.904754721407844
RAJASTHAN,2010,1571,2477,462,2339,23,11145,0,67356231,18017,26.748824470300303
RAJASTHAN,2011,1800,2713,514,0,9,12218,81,68548437,17335,25.288687472188464
RAJASTHAN,2012,2049,2697,478,2352,18,13312,99,69508115,21005,30.21949307645589
RAJASTHAN,2013,3285,4047,453,4829,25,15094,74,70481228,27807,39.45305833774633
RAJASTHAN,2014,3759,4421,12,5999,727,15905,78,71467965,30901,43.23755405656227
RAJASTHAN,2015,3644,4167,463,4813,649,14383,86,72468517,28205,38.92034937047215
RAJASTHAN,2016,3656,4010,462,4839,483,13811,56,73483076,27317,37.174546149918925
RAJASTHAN,2017,3305,3838,457,4883,24,11508,86,74511839,24101,32.34519550644831
RAJASTHAN,2018,4335,4247,404,5249,34,12250,62,75555005,26581,35.18099164972592
RAJASTHAN,2019,5997,5907,452,8802,69,18432,40,76612775,39699,51.81772883177773
RAJASTHAN,2020,12,11,0,18,0,1,0,77685354,42,0.0540642448510951
RAJASTHAN,2021,8,1,0,17,0,3,0,78772949,29,0.0368146684466516
SIKKIM,2001,8,2,0,0,14,0,0,512321,24,4.684562998588775
SIKKIM,2002,6,2,0,17,0,3,0,521389,28,5.370270565738824
SIKKIM,2003,10,0,0,25,0,1,0,530618,36,6.784541798431263
SIKKIM,2004,3,4,0,40,0,1,0,540010,48,8.88872428288365
SIKKIM,2005,18,2,0,38,0,4,0,549568,62,11.28158844765343
SIKKIM,2006,20,7,0,14,0,6,0,559295,47,8.40343646912631
SIKKIM,2007,24,9,0,13,0,7,0,569195,53,9.3113959187976
SIKKIM,2008,20,4,0,19,0,5,0,579270,48,8.286291366720183
SIKKIM,2009,18,6,0,10,0,6,0,589523,40,6.785146635500226
SIKKIM,2010,18,6,1,11,0,3,0,599957,39,6.5004658667204485
SIKKIM,2011,16,10,0,0,0,4,1,610577,31,5.07716471468791
SIKKIM,2012,34,10,1,19,0,4,0,619125,68,10.98324247930547
SIKKIM,2013,43,16,0,29,0,5,0,627792,93,14.81382368682621
SIKKIM,2014,47,12,0,34,14,5,0,636581,112,17.593990395566315
SIKKIM,2015,5,21,1,21,5,2,0,645494,55,8.520605923525238
SIKKIM,2016,92,12,0,34,8,2,0,654530,148,22.611644997173546
SIKKIM,2017,17,27,0,21,7,5,0,663694,77,11.60173212353886
SIKKIM,2018,16,7,1,23,5,1,0,672986,53,7.87534956150648
SIKKIM,2019,11,0,0,21,2,1,0,682407,35,5.128904011828718
SIKKIM,2020,389,633,40,892,31,689,231,691961,2905,419.821348312983
SIKKIM,2021,422,638,27,1077,32,875,381,701649,3452,491.9838836797316
TAMIL NADU,2001,423,607,191,1773,1012,815,14,60536974,4835,7.986854447002917
TAMIL NADU,2002,534,714,243,1877,1718,1052,0,61608479,6138,9.962914357940893
TAMIL NADU,2003,557,632,220,2022,881,1555,1,62698949,5868,9.359008553715949
TAMIL NADU,2004,618,692,225,1861,1081,1437,0,63808720,5914,9.268325708461164
TAMIL NADU,2005,571,783,215,1764,665,1650,0,64938134,5648,8.6975089244172
TAMIL NADU,2006,457,718,187,1179,852,1248,0,66087539,4641,7.022503894417977
TAMIL NADU,2007,523,1097,208,1540,875,1976,0,67257289,6219,9.246581437440929
TAMIL NADU,2008,573,1160,207,1705,974,1648,0,68447743,6267,9.155889917363677
TAMIL NADU,2009,596,1133,194,1242,501,1460,0,69659268,5126,7.35867623530009
TAMIL NADU,2010,686,1464,165,1405,638,1570,0,70892237,5928,8.361987505063496
TAMIL NADU,2011,677,1743,152,0,464,1812,420,72147030,5268,7.301755872694967
TAMIL NADU,2012,737,1693,110,1494,382,1965,500,73157088,6881,9.405787174032952
TAMIL NADU,2013,923,1516,118,1271,313,2471,549,74181287,7161,9.653377946920765
TAMIL NADU,2014,455,1502,292,1102,46,2103,471,75219825,5971,7.938066859368525
TAMIL NADU,2015,421,1335,65,1163,197,1900,491,76272903,5572,7.305346696978349
TAMIL NADU,2016,319,1043,58,854,115,1256,432,77340723,4077,5.271479036988056
TAMIL NADU,2017,283,859,48,744,9,984,403,78423494,3330,4.246176534802186
TAMIL NADU,2018,331,896,55,814,14,789,386,79521422,3285,4.130962346221626
TAMIL NADU,2019,362,699,28,803,7,781,349,80634722,3029,3.756446261450496
TAMIL NADU,2020,764,1314,158,4907,565,7453,13,81763608,15174,18.558378686028632
TAMIL NADU,2021,823,1934,175,4365,775,9468,12,82908299,17552,21.170377648201416
TELANGANA,2011,0,0,0,0,0,0,0,35003674,0,0.0
TELANGANA,2012,0,0,0,0,0,0,0,35493725,0,0.0
TELANGANA,2013,0,0,0,0,0,0,0,35990637,0,0.0
TELANGANA,2014,979,711,563,3188,620,6369,192,36494506,12622,34.586027825667784
TELANGANA,2015,1105,648,262,3608,620,7329,252,37005429,13824,37.35668082648089
TELANGANA,2016,1278,987,254,3767,859,7202,240,37523505,14587,38.87430025526667
TELANGANA,2017,552,934,251,4409,1160,7838,79,38048834,15223,40.00911039744345
TELANGANA,2018,606,1121,186,4567,878,6286,81,38581518,13725,35.57402795815344
TELANGANA,2019,873,1322,163,4190,695,8541,22,39121659,15806,40.40217210624938
TELANGANA,2020,79,110,23,115,3,356,0,39669362,686,1.7292942598875174
TELANGANA,2021,61,115,22,94,1,355,0,40224733,648,1.6109491640379563
TRIPURA,2001,102,35,16,58,0,227,0,3082702,438,14.208314653832904
TRIPURA,2002,108,48,16,128,0,236,0,3137266,536,17.0849395620263
TRIPURA,2003,114,29,20,127,0,247,0,3192795,537,16.819119298295067
TRIPURA,2004,160,54,20,134,0,302,0,3249308,670,20.61977504133188
TRIPURA,2005,162,43,34,161,1,439,0,3306821,840,25.402040207195974
TRIPURA,2006,189,62,35,207,0,471,0,3365351,964,28.644857549777125
TRIPURA,2007,157,81,36,244,4,545,0,3424918,1067,31.154030549052564
TRIPURA,2008,204,110,16,346,4,735,0,3485539,1415,40.5963037567504
TRIPURA,2009,190,92,29,384,5,815,0,3547233,1515,42.70934556596649
TRIPURA,2010,238,91,25,376,9,937,0,3610019,1676,46.42634844858158
TRIPURA,2011,205,116,30,0,9,702,2,3673917,1064,28.96091555688384
TRIPURA,2012,229,114,37,314,7,858,0,3725351,1559,41.84840569385274
TRIPURA,2013,233,124,29,407,7,827,0,3777506,1627,43.07074561893482
TRIPURA,2014,239,102,1,492,82,702,0,3830391,1618,42.2411184654517
TRIPURA,2015,213,120,28,352,28,501,2,3884017,1244,32.02869606389467
TRIPURA,2016,207,119,19,214,52,430,0,3938393,1041,26.43210060550077
TRIPURA,2017,95,90,33,225,9,348,0,3993531,800,20.032397394686555
TRIPURA,2018,97,139,18,165,6,303,2,4049440,730,18.02718400568968
TRIPURA,2019,88,138,38,153,5,451,0,4106132,873,21.260884939889905
TRIPURA,2020,2769,9109,2274,9864,28,14454,25,4163618,38523,925.228971533892
TRIPURA,2021,2845,10574,2222,9393,27,18375,12,4221909,43448,1029.107922506146
UTTAR PRADESH,2001,1958,2879,2211,2870,2575,7365,0,167658108,19858,11.84434217759394
UTTAR PRADESH,2002,1415,2298,1893,2145,1887,5679,0,170625657,15317,8.976961770761124
UTTAR PRADESH,2003,911,1499,1322,1098,4970,2626,0,173645731,12426,7.155949028196956
UTTAR PRADESH,2004,1397,2324,1708,1900,2682,4950,3,176719260,14964,8.467667870496967
UTTAR PRADESH,2005,1217,2256,1564,1835,2881,4505,0,179847191,14258,7.92784136394991
UTTAR PRADESH,2006,1314,2551,1798,2096,2714,5204,0,183030487,15677,8.565239735170458
UTTAR PRADESH,2007,1648,3363,2076,2522,2882,7650,0,186270126,20141,10.812791311474175
UTTAR PRADESH,2008,1871,4439,2237,2955,3374,8312,0,189567107,23188,12.23207990403103
UTTAR PRADESH,2009,1759,5078,2232,2782,2524,8566,0,192922445,22941,11.891306892777562
UTTAR PRADESH,2010,1563,5468,2217,2793,11,7978,0,196337173,20030,10.201837835364982
UTTAR PRADESH,2011,2042,7525,2322,0,3,7121,43,199812341,19056,9.536948471065658
UTTAR PRADESH,2012,1963,7910,2244,3247,8,7661,31,202609713,23064,11.38346215415645
UTTAR PRADESH,2013,3050,9737,2335,7303,25,8781,37,205446249,31268,15.219552633448176
UTTAR PRADESH,2014,3467,10626,2133,8605,4435,10471,37,208322497,39774,19.09251308561264
UTTAR PRADESH,2015,3025,10135,2335,7885,5925,8660,33,211239012,37998,17.988154574402195
UTTAR PRADESH,2016,4816,12994,2473,11335,9422,11156,50,214196358,52246,24.391637882096948
UTTAR PRADESH,2017,4246,14993,2524,12607,91,12653,25,217195107,47139,21.703527602949176
UTTAR PRADESH,2018,3946,15381,2444,12555,17,14233,27,220235838,48603,22.068615372217486
UTTAR PRADESH,2019,3065,11649,2410,11988,42,18304,22,223319140,47480,21.2610526800345
UTTAR PRADESH,2020,487,349,65,474,43,668,8,226445608,2094,0.9247253759940444
UTTAR PRADESH,2021,534,402,72,655,13,519,17,229615847,2212,0.9633481438238886
UTTARAKHAND,2001,74,126,56,103,84,301,0,8463184,744,8.791017659547517
UTTARAKHAND,2002,89,155,66,145,97,316,1,8612982,869,10.089420830091136
UTTARAKHAND,2003,107,134,93,136,98,317,0,8765432,885,10.09647898700258
UTTARAKHAND,2004,115,127,82,143,110,405,0,8920580,982,11.00825282660993
UTTARAKHAND,2005,133,125,63,100,89,272,0,9078474,782,8.61378244845995
UTTARAKHAND,2006,147,183,80,153,113,358,0,9239163,1034,11.191489965054194
UTTARAKHAND,2007,117,227,70,146,63,463,0,9402696,1086,11.549878885800414
UTTARAKHAND,2008,87,222,73,120,306,340,0,9569124,1148,11.99691842220876
UTTARAKHAND,2009,111,247,94,119,249,361,0,9738498,1181,12.127126791010276
UTTARAKHAND,2010,121,249,75,125,165,334,0,9910869,1069,10.786137925947765
UTTARAKHAND,2011,129,283,83,0,72,307,3,10086292,877,8.694969370309723
UTTARAKHAND,2012,148,256,71,139,73,368,12,10227500,1067,10.43265705206551
UTTARAKHAND,2013,228,633,43,295,72,435,13,10370685,1719,16.575568537661688
UTTARAKHAND,2014,270,275,104,343,22,301,19,10515874,1334,12.685583718481222
UTTARAKHAND,2015,283,336,54,318,51,407,18,10663096,1467,13.757730400251484
UTTARAKHAND,2016,336,377,57,344,35,392,11,10812380,1552,14.353916529015814
UTTARAKHAND,2017,374,371,60,435,4,394,6,10963753,1644,14.99486535313227
UTTARAKHAND,2018,561,502,63,548,8,622,0,11117246,2304,20.72455714301905
UTTARAKHAND,2019,526,375,57,475,10,644,3,11272887,2090,18.54005987995799
UTTARAKHAND,2020,1128,7740,522,2488,446,19962,52,11430708,32338,282.90461098297675
UTTARAKHAND,2021,1123,7376,454,2485,424,19952,50,11590737,31864,274.9091796319768
WEST BENGAL,2001,709,695,265,954,48,3859,3,76587765,6533,8.530083101393545
WEST BENGAL,2002,759,694,273,964,34,4069,1,77943369,6794,8.716584986209666
WEST BENGAL,2003,1002,801,329,1186,71,4948,1,79322967,8338,10.511457545454649
WEST BENGAL,2004,1475,1018,396,1566,64,6334,12,80726983,10865,13.458944700063917
WEST BENGAL,2005,1686,1039,446,1572,54,6936,61,82155851,11794,14.35564218061596
WEST BENGAL,2006,1731,1199,445,1837,63,7414,1,83610009,12690,15.177608699934478
WEST BENGAL,2007,2106,1590,451,2281,99,9900,5,85089906,16432,19.311338762085363
WEST BENGAL,2008,2263,1907,451,2396,94,13663,5,86595998,20779,23.995335211680334
WEST BENGAL,2009,2336,2187,506,1942,108,16112,5,88128747,23196,26.32058299887096
WEST BENGAL,2010,2311,2764,507,2465,163,17796,8,89688626,26014,29.004792647843665
WEST BENGAL,2011,2363,3711,510,0,200,19772,96,91276115,26652,29.19931462902425
WEST BENGAL,2012,2046,4168,593,3345,556,19865,109,92553980,30682,33.15038424063449
WEST BENGAL,2013,1685,3830,481,4913,577,18116,104,93849736,29706,31.652726226102544
WEST BENGAL,2014,1466,4976,1,5670,1045,23278,80,95163632,36516,38.37180153023164
WEST BENGAL,2015,1199,3938,498,5069,674,20163,101,96495923,31642,32.79102268393246
WEST BENGAL,2016,1110,4494,535,4177,663,19302,87,97846866,30368,31.036252096209196
WEST BENGAL,2017,1084,4232,499,3832,448,16800,67,99216722,26962,27.174854658068625
WEST BENGAL,2018,1069,4249,444,3399,391,16951,97,100605756,26600,26.43983908833208
WEST BENGAL,2019,1069,4249,444,3399,391,16951,97,102014237,26600,26.07479189399809
WEST BENGAL,2020,2,1,0,15,3,2,0,103442436,23,0.0222345885203244
WEST BENGAL,2021,15,0,1,32,4,4,0,104890630,56,0.053388944274622
